command,response,access_level,global_cooldown,user_cooldown
!seed,🌱 NEW ERIDIAN // SEED CHAT GAME | !start !me !job !skills !inventory !farm !harvest !mine !rare !research !craft !build !work !cargo !delivery !explore !market !status !progress !event !siro !rocky,100,15,30
!start,$(customapi https://new-eridian-twitch-game-production.up.railway.app/api/v1/start?channel=$(channel.provider_id)&uid=$(sender.twitchid)&k=YOUR_API_KEY&name=$(queryescape $(sender))&msg=$(msgid)),100,10,86400
!me,$(customapi https://new-eridian-twitch-game-production.up.railway.app/api/v1/profile?channel=$(channel.provider_id)&uid=$(sender.twitchid)&k=YOUR_API_KEY&name=$(queryescape $(sender))),100,5,15
!skills,$(customapi https://new-eridian-twitch-game-production.up.railway.app/api/v1/skills?channel=$(channel.provider_id)&uid=$(sender.twitchid)&k=YOUR_API_KEY&name=$(queryescape $(sender))),100,5,15
!inventory,$(customapi https://new-eridian-twitch-game-production.up.railway.app/api/v1/inventory?channel=$(channel.provider_id)&uid=$(sender.twitchid)&k=YOUR_API_KEY&name=$(queryescape $(sender))),100,5,15
!wallet,$(customapi https://new-eridian-twitch-game-production.up.railway.app/api/v1/wallet?channel=$(channel.provider_id)&uid=$(sender.twitchid)&k=YOUR_API_KEY&name=$(queryescape $(sender))),100,5,15
!job,$(customapi https://new-eridian-twitch-game-production.up.railway.app/api/v1/job?channel=$(channel.provider_id)&uid=$(sender.twitchid)&k=YOUR_API_KEY&name=$(queryescape $(sender))&job=$(queryescape $(1))),100,5,30
!farm,$(customapi https://new-eridian-twitch-game-production.up.railway.app/api/v1/action/farm?channel=$(channel.provider_id)&uid=$(sender.twitchid)&k=YOUR_API_KEY&name=$(queryescape $(sender))&msg=$(msgid)),100,3,30
!harvest,$(customapi https://new-eridian-twitch-game-production.up.railway.app/api/v1/action/harvest?channel=$(channel.provider_id)&uid=$(sender.twitchid)&k=YOUR_API_KEY&name=$(queryescape $(sender))&msg=$(msgid)),100,3,35
!mine,$(customapi https://new-eridian-twitch-game-production.up.railway.app/api/v1/mining?channel=$(channel.provider_id)&uid=$(sender.twitchid)&k=YOUR_API_KEY&name=$(queryescape $(sender))&action=mine&ore=$(queryescape $(1))&count=$(2)),100,0,2
!rare,$(customapi https://new-eridian-twitch-game-production.up.railway.app/api/v1/action/rare?channel=$(channel.provider_id)&uid=$(sender.twitchid)&k=YOUR_API_KEY&name=$(queryescape $(sender))&msg=$(msgid)),100,5,90
!research,$(customapi https://new-eridian-twitch-game-production.up.railway.app/api/v1/action/research?channel=$(channel.provider_id)&uid=$(sender.twitchid)&k=YOUR_API_KEY&name=$(queryescape $(sender))&msg=$(msgid)),100,3,35
!craft,$(customapi https://new-eridian-twitch-game-production.up.railway.app/api/v1/action/craft?channel=$(channel.provider_id)&uid=$(sender.twitchid)&k=YOUR_API_KEY&name=$(queryescape $(sender))&msg=$(msgid)),100,3,45
!build,$(customapi https://new-eridian-twitch-game-production.up.railway.app/api/v1/action/build?channel=$(channel.provider_id)&uid=$(sender.twitchid)&k=YOUR_API_KEY&name=$(queryescape $(sender))&msg=$(msgid)),100,3,45
!work,$(customapi https://new-eridian-twitch-game-production.up.railway.app/api/v1/action/work?channel=$(channel.provider_id)&uid=$(sender.twitchid)&k=YOUR_API_KEY&name=$(queryescape $(sender))&msg=$(msgid)),100,3,35
!cargo,$(customapi https://new-eridian-twitch-game-production.up.railway.app/api/v1/action/cargo?channel=$(channel.provider_id)&uid=$(sender.twitchid)&k=YOUR_API_KEY&name=$(queryescape $(sender))&msg=$(msgid)),100,3,45
!delivery,$(customapi https://new-eridian-twitch-game-production.up.railway.app/api/v1/action/delivery?channel=$(channel.provider_id)&uid=$(sender.twitchid)&k=YOUR_API_KEY&name=$(queryescape $(sender))&msg=$(msgid)),100,3,45
!explore,$(customapi https://new-eridian-twitch-game-production.up.railway.app/api/v1/action/explore?channel=$(channel.provider_id)&uid=$(sender.twitchid)&k=YOUR_API_KEY&name=$(queryescape $(sender))&msg=$(msgid)),100,3,50
!market,$(customapi https://new-eridian-twitch-game-production.up.railway.app/api/v1/action/market?channel=$(channel.provider_id)&uid=$(sender.twitchid)&k=YOUR_API_KEY&name=$(queryescape $(sender))&msg=$(msgid)),100,3,45
!eat,$(customapi https://new-eridian-twitch-game-production.up.railway.app/api/v1/action/eat?channel=$(channel.provider_id)&uid=$(sender.twitchid)&k=YOUR_API_KEY&name=$(queryescape $(sender))&msg=$(msgid)),100,3,15
!sleep,$(customapi https://new-eridian-twitch-game-production.up.railway.app/api/v1/action/sleep?channel=$(channel.provider_id)&uid=$(sender.twitchid)&k=YOUR_API_KEY&name=$(queryescape $(sender))&msg=$(msgid)),100,3,60
!progress,$(customapi https://new-eridian-twitch-game-production.up.railway.app/api/v1/progress?channel=$(channel.provider_id)),100,8,20
!event,$(customapi https://new-eridian-twitch-game-production.up.railway.app/api/v1/event?channel=$(channel.provider_id)),100,8,20
!rocky,$(customapi https://new-eridian-twitch-game-production.up.railway.app/api/v1/rocky?channel=$(channel.provider_id)&uid=$(sender.twitchid)&k=YOUR_API_KEY&name=$(queryescape $(sender))),100,8,60
!siro,$(customapi https://new-eridian-twitch-game-production.up.railway.app/api/v1/siro?channel=$(channel.provider_id)),100,8,60
!gather,$(customapi https://new-eridian-twitch-game-production.up.railway.app/api/v1/seed-supplies?channel=$(channel.provider_id)&uid=$(sender.twitchid)&k=YOUR_API_KEY&name=$(queryescape $(sender))&mode=gather&item=$(queryescape ${1:})),100,0,5
!gatherpage,$(customapi https://new-eridian-twitch-game-production.up.railway.app/api/v1/seed-supplies?channel=$(channel.provider_id)&uid=$(sender.twitchid)&k=YOUR_API_KEY&name=$(queryescape $(sender))&mode=gather&page=$(1)),100,0,5
!catalog,$(customapi https://new-eridian-twitch-game-production.up.railway.app/api/v1/seed-supplies?channel=$(channel.provider_id)&uid=$(sender.twitchid)&k=YOUR_API_KEY&name=$(queryescape $(sender))&mode=catalog&item=$(queryescape ${1:})),100,0,5
!training,$(customapi https://new-eridian-twitch-game-production.up.railway.app/api/v1/training?channel=$(channel.provider_id)&uid=$(sender.twitchid)&k=YOUR_API_KEY&name=$(queryescape $(sender))&text=$(queryescape ${1:})),100,0,5
!make,$(customapi https://new-eridian-twitch-game-production.up.railway.app/api/v1/make?channel=$(channel.provider_id)&uid=$(sender.twitchid)&k=YOUR_API_KEY&name=$(queryescape $(sender))&recipe=$(queryescape ${1:})),100,0,5
!workshop,$(customapi https://new-eridian-twitch-game-production.up.railway.app/api/v1/workshop?channel=$(channel.provider_id)&uid=$(sender.twitchid)&k=YOUR_API_KEY&name=$(queryescape $(sender))&station=$(queryescape ${1:})),100,0,5
!workshopunlock,$(customapi https://new-eridian-twitch-game-production.up.railway.app/api/v1/workshop?channel=$(channel.provider_id)&uid=$(sender.twitchid)&k=YOUR_API_KEY&name=$(queryescape $(sender))&action=unlock&station=$(queryescape ${1:})),100,0,5
!workshoppage,$(customapi https://new-eridian-twitch-game-production.up.railway.app/api/v1/workshop?channel=$(channel.provider_id)&uid=$(sender.twitchid)&k=YOUR_API_KEY&name=$(queryescape $(sender))&page=$(1)),100,0,5
!seedpage,$(customapi https://new-eridian-twitch-game-production.up.railway.app/api/v1/seedindustries?channel=$(channel.provider_id)&uid=$(sender.twitchid)&k=YOUR_API_KEY&name=$(queryescape $(sender))&page=$(1)),100,0,5
!seedbuy,$(customapi https://new-eridian-twitch-game-production.up.railway.app/api/v1/seedindustries?channel=$(channel.provider_id)&uid=$(sender.twitchid)&k=YOUR_API_KEY&name=$(queryescape $(sender))&action=buy&item_name=$(queryescape $(1))&amount=$(2)),100,0,5
!seedindustries,$(customapi https://new-eridian-twitch-game-production.up.railway.app/api/v1/seedindustries?channel=$(channel.provider_id)&uid=$(sender.twitchid)&k=YOUR_API_KEY&name=$(queryescape $(sender))&action=$(queryescape $(1))&item_name=$(queryescape $(2))),100,0,5
!seedstarters,$(customapi https://new-eridian-twitch-game-production.up.railway.app/api/v1/seedindustries?channel=$(channel.provider_id)&uid=$(sender.twitchid)&k=YOUR_API_KEY&name=$(queryescape $(sender))&action=starters&page=$(1)),100,0,5
!mineinfo,$(customapi https://new-eridian-twitch-game-production.up.railway.app/api/v1/mining?channel=$(channel.provider_id)&uid=$(sender.twitchid)&k=YOUR_API_KEY&name=$(queryescape $(sender))&ore=$(queryescape $(1))),100,0,2
!queue,$(customapi https://new-eridian-twitch-game-production.up.railway.app/api/v1/queue?channel=$(channel.provider_id)&uid=$(sender.twitchid)&k=YOUR_API_KEY&name=$(queryescape $(sender))),100,0,2
!queueadd,$(customapi https://new-eridian-twitch-game-production.up.railway.app/api/v1/queue?channel=$(channel.provider_id)&uid=$(sender.twitchid)&k=YOUR_API_KEY&name=$(queryescape $(sender))&action=start&task=$(queryescape $(1))&count=$(2)),100,0,2
!queuecancel,$(customapi https://new-eridian-twitch-game-production.up.railway.app/api/v1/queue?channel=$(channel.provider_id)&uid=$(sender.twitchid)&k=YOUR_API_KEY&name=$(queryescape $(sender))&action=cancel),100,0,2
!queuetasks,$(customapi https://new-eridian-twitch-game-production.up.railway.app/api/v1/queue-tasks?query=$(queryescape $(1:))),100,0,2
!queuetaskpage,$(customapi https://new-eridian-twitch-game-production.up.railway.app/api/v1/queue-tasks?page=$(1)),100,0,2
!status,$(customapi https://new-eridian-twitch-game-production.up.railway.app/api/v1/status?channel=$(channel.provider_id)&uid=$(sender.twitchid)&k=YOUR_API_KEY&name=$(queryescape $(sender))),100,0,5
!society,$(customapi https://new-eridian-twitch-game-production.up.railway.app/api/v1/society?channel=$(channel.provider_id)),100,8,20
!recover,$(customapi https://new-eridian-twitch-game-production.up.railway.app/api/v1/recover?channel=$(channel.provider_id)&uid=$(sender.twitchid)&k=YOUR_API_KEY&name=$(queryescape $(sender))),100,0,10
!settings,$(customapi https://new-eridian-twitch-game-production.up.railway.app/api/v1/settings?channel=$(channel.provider_id)&uid=$(sender.twitchid)&k=YOUR_API_KEY&name=$(queryescape $(sender))&text=$(queryescape ${1:})),100,0,5
!fav,$(customapi https://new-eridian-twitch-game-production.up.railway.app/api/v1/favorite?channel=$(channel.provider_id)&uid=$(sender.twitchid)&k=YOUR_API_KEY&name=$(queryescape $(sender))&recipe=$(queryescape ${1:})),100,0,5
!fetch,$(customapi https://new-eridian-twitch-game-production.up.railway.app/api/v1/fetch?channel=$(channel.provider_id)&uid=$(sender.twitchid)&k=YOUR_API_KEY&name=$(queryescape $(sender))&recipe=$(queryescape ${1:})),100,0,5
!fetchgo,$(customapi https://new-eridian-twitch-game-production.up.railway.app/api/v1/fetch?channel=$(channel.provider_id)&uid=$(sender.twitchid)&k=YOUR_API_KEY&name=$(queryescape $(sender))&action=start&recipe=$(queryescape ${1:})),100,0,5
!sellall,$(customapi https://new-eridian-twitch-game-production.up.railway.app/api/v1/sellall?channel=$(channel.provider_id)&uid=$(sender.twitchid)&k=YOUR_API_KEY&name=$(queryescape $(sender))&item=$(queryescape ${1:})),100,0,5
!clearout,$(customapi https://new-eridian-twitch-game-production.up.railway.app/api/v1/clearout?channel=$(channel.provider_id)&uid=$(sender.twitchid)&k=YOUR_API_KEY&name=$(queryescape $(sender))&confirm=$(queryescape $(1))),100,0,5
!inv,$(customapi https://new-eridian-twitch-game-production.up.railway.app/api/v1/inventory?channel=$(channel.provider_id)&uid=$(sender.twitchid)&k=YOUR_API_KEY&name=$(queryescape $(sender))&text=$(queryescape ${1:})),100,0,5
!queuenext,$(customapi https://new-eridian-twitch-game-production.up.railway.app/api/v1/queue?channel=$(channel.provider_id)&uid=$(sender.twitchid)&k=YOUR_API_KEY&name=$(queryescape $(sender))&action=next&task=$(queryescape $(1))&count=$(2)),100,0,2
!queuerepeat,$(customapi https://new-eridian-twitch-game-production.up.railway.app/api/v1/queue?channel=$(channel.provider_id)&uid=$(sender.twitchid)&k=YOUR_API_KEY&name=$(queryescape $(sender))&action=repeat),100,0,2
!again,$(customapi https://new-eridian-twitch-game-production.up.railway.app/api/v1/again?channel=$(channel.provider_id)&uid=$(sender.twitchid)&k=YOUR_API_KEY&name=$(queryescape $(sender))),100,0,3
!craftmax,$(customapi https://new-eridian-twitch-game-production.up.railway.app/api/v1/craftmax?channel=$(channel.provider_id)&uid=$(sender.twitchid)&k=YOUR_API_KEY&name=$(queryescape $(sender))&recipe=$(queryescape ${1:})),100,0,2
!target,$(customapi https://new-eridian-twitch-game-production.up.railway.app/api/v1/target?channel=$(channel.provider_id)&uid=$(sender.twitchid)&k=YOUR_API_KEY&name=$(queryescape $(sender))&recipe=$(queryescape ${1:})),100,0,3
!routines,$(customapi https://new-eridian-twitch-game-production.up.railway.app/api/v1/routines?channel=$(channel.provider_id)&uid=$(sender.twitchid)&k=YOUR_API_KEY&name=$(queryescape $(sender))&action=$(queryescape $(1))),100,0,3
!routine,$(customapi https://new-eridian-twitch-game-production.up.railway.app/api/v1/routine?channel=$(channel.provider_id)&uid=$(sender.twitchid)&k=YOUR_API_KEY&name=$(queryescape $(sender))&n=$(queryescape ${1:})),100,0,3
!uses,$(customapi https://new-eridian-twitch-game-production.up.railway.app/api/v1/uses?channel=$(channel.provider_id)&uid=$(sender.twitchid)&k=YOUR_API_KEY&name=$(queryescape $(sender))&item=$(queryescape ${1:})),100,0,5
!autosell,$(customapi https://new-eridian-twitch-game-production.up.railway.app/api/v1/autosell?channel=$(channel.provider_id)&uid=$(sender.twitchid)&k=YOUR_API_KEY&name=$(queryescape $(sender))&item=$(queryescape ${1:})),100,0,3
!undo,$(customapi https://new-eridian-twitch-game-production.up.railway.app/api/v1/undo?channel=$(channel.provider_id)&uid=$(sender.twitchid)&k=YOUR_API_KEY&name=$(queryescape $(sender))),100,0,2
!eatfull,$(customapi https://new-eridian-twitch-game-production.up.railway.app/api/v1/eatfull?channel=$(channel.provider_id)&uid=$(sender.twitchid)&k=YOUR_API_KEY&name=$(queryescape $(sender))),100,0,3
!find,$(customapi https://new-eridian-twitch-game-production.up.railway.app/api/v1/find?channel=$(channel.provider_id)&uid=$(sender.twitchid)&k=YOUR_API_KEY&name=$(queryescape $(sender))&query=$(queryescape ${1:})),100,0,5
!seedling,$(customapi https://new-eridian-twitch-game-production.up.railway.app/api/v1/seedling?channel=$(channel.provider_id)&uid=$(sender.twitchid)&k=YOUR_API_KEY&name=$(queryescape $(sender))),100,0,5
!diary,$(customapi https://new-eridian-twitch-game-production.up.railway.app/api/v1/diary?channel=$(channel.provider_id)&uid=$(sender.twitchid)&k=YOUR_API_KEY&name=$(queryescape $(sender))),100,0,5
!schedule,$(customapi https://new-eridian-twitch-game-production.up.railway.app/api/v1/schedule?channel=$(channel.provider_id)&uid=$(sender.twitchid)&k=YOUR_API_KEY&name=$(queryescape $(sender))&preset=$(queryescape ${1:})),100,0,5
!autonomy,$(customapi https://new-eridian-twitch-game-production.up.railway.app/api/v1/autonomy?channel=$(channel.provider_id)&uid=$(sender.twitchid)&k=YOUR_API_KEY&name=$(queryescape $(sender))&state=$(queryescape $(1))),100,0,5
!sirostart,$(customapi https://new-eridian-twitch-game-production.up.railway.app/api/v1/admin/event/siro/on?channel=$(channel.provider_id)&level=$(sender.level)&key=YOUR_ADMIN_KEY),500,5,5
!siroend,$(customapi https://new-eridian-twitch-game-production.up.railway.app/api/v1/admin/event/siro/off?channel=$(channel.provider_id)&level=$(sender.level)&key=YOUR_ADMIN_KEY),500,5,5
!foodcrisis,$(customapi https://new-eridian-twitch-game-production.up.railway.app/api/v1/admin/event/food/on?channel=$(channel.provider_id)&level=$(sender.level)&key=YOUR_ADMIN_KEY),500,5,5
!foodclear,$(customapi https://new-eridian-twitch-game-production.up.railway.app/api/v1/admin/event/food/off?channel=$(channel.provider_id)&level=$(sender.level)&key=YOUR_ADMIN_KEY),500,5,5
!miningboom,$(customapi https://new-eridian-twitch-game-production.up.railway.app/api/v1/admin/event/mining/on?channel=$(channel.provider_id)&level=$(sender.level)&key=YOUR_ADMIN_KEY),500,5,5
!miningclear,$(customapi https://new-eridian-twitch-game-production.up.railway.app/api/v1/admin/event/mining/off?channel=$(channel.provider_id)&level=$(sender.level)&key=YOUR_ADMIN_KEY),500,5,5
!deliverysurge,$(customapi https://new-eridian-twitch-game-production.up.railway.app/api/v1/admin/event/delivery/on?channel=$(channel.provider_id)&level=$(sender.level)&key=YOUR_ADMIN_KEY),500,5,5
!deliveryclear,$(customapi https://new-eridian-twitch-game-production.up.railway.app/api/v1/admin/event/delivery/off?channel=$(channel.provider_id)&level=$(sender.level)&key=YOUR_ADMIN_KEY),500,5,5
!marketboom,$(customapi https://new-eridian-twitch-game-production.up.railway.app/api/v1/admin/event/market/on?channel=$(channel.provider_id)&level=$(sender.level)&key=YOUR_ADMIN_KEY),500,5,5
!marketclear,$(customapi https://new-eridian-twitch-game-production.up.railway.app/api/v1/admin/event/market/off?channel=$(channel.provider_id)&level=$(sender.level)&key=YOUR_ADMIN_KEY),500,5,5
!nextday,$(customapi https://new-eridian-twitch-game-production.up.railway.app/api/v1/admin/day/next?channel=$(channel.provider_id)&level=$(sender.level)&key=YOUR_ADMIN_KEY),500,5,5
